"Control","Pass",,"'line': 100"
,,,,,
,,,,,"First events method with bias correction"
,,,,,"Using snewpy models:  water in SK (with smearing/threshold), and scint in others"
,,,,,"sigma fudge set to new value of 1.2"
,,,,,"add histogram of 1sigma, 90% and 95% CL areas in deg2"
,,,,,"define more environment variables"
,,,,,"remove true_lag from FirstEventDiff; use true times instead"
,,,,,"also plot uncorrected skymaps and targetCL"
,,,,,"unify yield and distance jobs; fine binning in bias plots to run 100k trials"
,,,,,"generate bands from detector pairs"
,,,,,"changed nside=16 to nside=64, so target pixel is 47961"
,,,,,"changed nside=16 to nside=32, so target pixel is 11990"
,,,,,"changed nside=16 to nside=32 for real, RA and DEC pixel"
,,,,,"take (iside,ipix) as input direction rather than (ra,dec)"
,,,,,"correct true direction for Chi2CL in case nside != iside"
,,,,,"test using initial/final pixels in GCRS"
,,,,,"use (worker,base_seed) for random number seed"
,,,,,
,,,,,"Environment variables:"
,,,,,"  TAG = fe5 etc"
,,,,,"  MODEL = SN model, e.g., s27 or s11"
,,,,,"  SPECIES = neutrino species, e.g., nu_e, nu_x, nubar_e, nubar_x, or channel"
,,,,,"  CHANNEL = ibd or nc"
,,,,,"  ISIDE = nside for selecting pixel"
,,,,,"  IPIX = pixel number for selecting pixel"
,,,,,"  NSIDE = nside for analyzing data (and selecting actual pixel)"
,,,,,"  YIELD_SK = 7800"
,,,,,"  YIELD_SNOPLUS = 280"
,,,,,"  YIELD_JUNO = 7200"
,,,,,"  YIELD_LVD = 360"
,,,,,"  DISTANCE = 10"
,,,,,"    Yield numbers above are for s27.0co.  For s11.2c, 4000, 150, 3800, 190"
,,,,,
"SN-times","gen.TrueTimes","Control","'detector_location':'snewpdag/data/detector_location.csv', 'detectors': ['SNOP','SK','LVD','JUNO'], 'nside':$NSIDE, 'iside':$ISIDE, 'ipix':$IPIX, 'time':'2021-11-01 05:22:36.328','frame':'gcrs'"
"SN","Write","SN-times","'on':['alert','report'],'write':(('png_pattern','output/$TAG-$MODEL-$SPECIES-n$ISIDE-p$IPIX-y$YIELD_SK-y$YIELD_SNOPLUS-y$YIELD_JUNO-y$YIELD_LVD-d$DISTANCE-{}-{}-{}.png'),('py_pattern','output/$TAG-$MODEL-$SPECIES-n$ISIDE-p$IPIX-y$YIELD_SK-y$YIELD_SNOPLUS-y$YIELD_JUNO-y$YIELD_LVD-d$DISTANCE-{}-{}-{}.py'),('fits_pattern','output/$TAG-$MODEL-$SPECIES-n$ISIDE-p$IPIX-y$YIELD_SK-y$YIELD_SNOPLUS-y$YIELD_JUNO-y$YIELD_LVD-d$DISTANCE-{}-{}-{}.fits'),('coincident_detectors',['SNOP','SK','LVD','JUNO']),)"
"SN-out","Pass","SN","'line':100, 'dump':0"
,,,,,
"SK-new","ops.NewTimeSeries","SN","'out_field':'timeseries1','start':'2021-11-01 05:22:34'"
"SK-signal","gen.GenTimeDist","SK-new","'field':'timeseries1','sig_mean':$YIELD_SK,'sig_distance':$DISTANCE,'sig_t0':('truth','dets','SK','true_t'),'sig_filetype':'tn','sig_delimiter':',','sig_filename':'/home/tseng/dev/snews/numodels/Bollig_2016/$CHANNEL-$MODEL-nmo-wc.data'"
"SK-data","Write","SK-signal","'on':['alert'],'write':(('detector','SK'),)"
,,,,,
"SNOP-new","ops.NewTimeSeries","SK-data","'out_field':'timeseries2','start':'2021-11-01 05:22:34'"
"SNOP-signal","gen.GenTimeDist","SNOP-new","'field':'timeseries2','sig_mean':$YIELD_SNOPLUS,'sig_distance':$DISTANCE,'sig_t0':('truth','dets','SNOP','true_t'),'sig_filetype':'tn','sig_delimiter':',','sig_filename':'/home/tseng/dev/snews/numodels/Bollig_2016/$CHANNEL-$MODEL-nmo-scint.data'"
"SNOP-data","Write","SNOP-signal","'on':['alert'],'write':(('detector','SNOP'),)"
,,,,,
"JUNO-new","ops.NewTimeSeries","SNOP-data","'out_field':'timeseries3','start':'2021-11-01 05:22:34'"
"JUNO-signal","gen.GenTimeDist","JUNO-new","'field':'timeseries3','sig_mean':$YIELD_JUNO,'sig_distance':$DISTANCE,'sig_t0':('truth','dets','JUNO','true_t'),'sig_filetype':'tn','sig_delimiter':',','sig_filename':'/home/tseng/dev/snews/numodels/Bollig_2016/$CHANNEL-$MODEL-nmo-scint.data'"
"JUNO-data","Write","JUNO-signal","'on':['alert'],'write':(('detector','JUNO'),)"
,,,,,
"LVD-new","ops.NewTimeSeries","JUNO-data","'out_field':'timeseries4','start':'2021-11-01 05:22:34'"
"LVD-signal","gen.GenTimeDist","LVD-new","'field':'timeseries4','sig_mean':$YIELD_LVD,'sig_distance':$DISTANCE,'sig_t0':('truth','dets','LVD','true_t'),'sig_filetype':'tn','sig_delimiter':',','sig_filename':'/home/tseng/dev/snews/numodels/Bollig_2016/$CHANNEL-$MODEL-nmo-scint.data'"
"LVD-data","Write","LVD-signal","'on':['alert'],'write':(('detector','LVD'),)"
,,,,,
"diff1","FirstEventDiff","LVD-data","'in_series1_field':'timeseries1','in_series2_field':'timeseries2','out_field':'dts','out_key':('SK','SNOP'),'sigma_fudge':1.2,'true_t1':('truth','dets','SK','true_t'),'true_t2':('truth','dets','SNOP','true_t')"
"diff2","FirstEventDiff","LVD-data","'in_series1_field':'timeseries1','in_series2_field':'timeseries3','out_field':'dts','out_key':('SK','JUNO'),'sigma_fudge':1.2,'true_t1':('truth','dets','SK','true_t'),'true_t2':('truth','dets','JUNO','true_t')"
"diff3","FirstEventDiff","LVD-data","'in_series1_field':'timeseries1','in_series2_field':'timeseries4','out_field':'dts','out_key':('SK','LVD'),'sigma_fudge':1.2,'true_t1':('truth','dets','SK','true_t'),'true_t2':('truth','dets','LVD','true_t')"
,,,,,
"dtt1-acc","ops.FillHist1D","diff1","'nbins':1000,'xlow':-0.1,'xhigh':0.1,'in_field':('dts',('SK','SNOP'),'dt_true'),'out_field':'dtt1_hist'"
"dtt1-render","renderers.Hist1D","dtt1-acc","'on':['report'],'in_field':'dtt1_hist','title':'lag - true (SK-SNOP)','xlabel':'sec','ylabel':'entries','filename':'[png_pattern]','scriptname':'[py_pattern]'"
,,,,,
"dtt2-acc","ops.FillHist1D","diff2","'nbins':1000,'xlow':-0.1,'xhigh':0.1,'in_field':('dts',('SK','JUNO'),'dt_true'),'out_field':'dtt2_hist'"
"dtt2-render","renderers.Hist1D","dtt2-acc","'on':['report'],'in_field':'dtt2_hist','title':'lag - true (SK-JUNO)','xlabel':'sec','ylabel':'entries','filename':'[png_pattern]','scriptname':'[py_pattern]'"
,,,,,
"dtt3-acc","ops.FillHist1D","diff3","'nbins':1000,'xlow':-0.1,'xhigh':0.1,'in_field':('dts',('SK','LVD'),'dt_true'),'out_field':'dtt3_hist'"
"dtt3-render","renderers.Hist1D","dtt3-acc","'on':['report'],'in_field':'dtt3_hist','title':'lag - true (SK-LVD)','xlabel':'sec','ylabel':'entries','filename':'[png_pattern]','scriptname':'[py_pattern]'"
,,,,,
,,,,,"pointing with nside=NSIDE"
,,,,,
"point","DiffPointing","diff1,diff2,diff3","'detector_location':'snewpdag/data/detector_location.csv','nside':$NSIDE,'min_dts':3,'frame':'gcrs'"
"Count","HistogramSkymap","point","'nside':$NSIDE, 'in_field':'map_zeroes', 'out_field':'hist', 'out_err_field':'histerr'"
"Count-out","Pass","Count","'line':1, 'dump':1"
"skymap","renderers.Mollview","Count","'on':['report'], 'in_field':'hist', 'title':'DiffPointing min chi2 counts', 'units':'Counts', 'range':(0,), 'coord':['C'], 'filename':'[png_pattern]', 'scriptname':'[py_pattern]'"
"probhist","Chi2Prob","point","'in_field':'map', 'in_ndof_field':'ndof', 'out_field':'probhist'"
"probhist-acc","AccHistogram","probhist","'in_field':'probhist','out_field':'probsum'"
"probhist-render","renderers.Mollview","probhist-acc","'on':['report'],'in_field':'probsum','title':'Weighted MC trials','units':'weights','range':(0,),'coord':['C'],'filename':'[png_pattern]','scriptname':'[py_pattern]'"
,,,,,"fits","renderers.FitsSkymap","Count","'in_field':'clmap', 'filename':'[fits_pattern]'"
"point-CL","Chi2CL","point","'in_field':'map', 'in_ndof_field':'ndof', 'out_field':'clmap', 'out_area_field':'areas'"
"targetCL","ops.FillHist1D","point-CL","'in_field':('clmap',), 'index_field':('truth','true_sn_pixel'),'out_field':'histcl','nbins':100,'xlow':0.0,'xhigh':1.0"
"targetCL-render","renderers.Hist1D","targetCL","'on':['report'],'in_field':'histcl','title':'Pixel $IPIX CL','xlabel':'CL','ylabel':'entries','filename':'[png_pattern]','scriptname':'[py_pattern]'"
"area1sigma","ops.FillHist1D","point-CL","'in_field':('areas','1sigma'), 'out_field':'area1sigma', 'nbins':100, 'xlow':0.0, 'xhigh':20000.0"
"area1sigma-render","renderers.Hist1D","area1sigma","'on':['report'],'in_field':'area1sigma','title':'1sigma area','xlabel':'area (deg2)','ylabel':'entries','filename':'[png_pattern]','scriptname':'[py_pattern]'"
"area90cl","ops.FillHist1D","point-CL","'in_field':('areas','90cl'), 'out_field':'area90cl', 'nbins':100, 'xlow':0.0, 'xhigh':20000.0"
"area90cl-render","renderers.Hist1D","area90cl","'on':['report'],'in_field':'area90cl','title':'90cl area','xlabel':'area (deg2)','ylabel':'entries','filename':'[png_pattern]','scriptname':'[py_pattern]'"
"area95cl","ops.FillHist1D","point-CL","'in_field':('areas','95cl'), 'out_field':'area95cl', 'nbins':100, 'xlow':0.0, 'xhigh':20000.0"
"area95cl-render","renderers.Hist1D","area95cl","'on':['report'],'in_field':'area95cl','title':'95cl area','xlabel':'area (deg2)','ylabel':'entries','filename':'[png_pattern]','scriptname':'[py_pattern]'"
,,,,,
